Air temperature [K],Process temperature [K],Rotational speed [rpm],Torque [Nm],Tool wear [min],Type,Machine failure,TWF,HDF,PWF,OSF,RNF
301.9571183575505,310.8552125287415,1126.02793306359,41.16550125433344,67.0752212287544,L,0,0,0,0,0,0
296.6059848695722,311.065721454804,1706.047953062352,33.76177358923899,-10.337687116693942,L,0,0,0,0,0,0
300.68951329378746,312.226003189055,1617.7707324189348,37.561909216336836,13.563713019306292,M,0,0,0,0,0,0
299.47233773987455,310.1751615791602,1564.8970311591643,40.340791721119004,38.188014859508215,M,0,0,0,0,0,0
302.47409622296016,310.32362147778696,1538.5687876172906,50.715812620311475,210.11182219078376,H,0,0,0,0,0,0
298.0840021270315,310.6719615410013,1537.9949486750993,44.09754343366465,67.09862202388092,M,0,0,0,0,0,0
301.9584178495909,310.2833605240204,1290.322070093766,34.36754815881161,70.96222216594104,M,0,0,0,0,0,0
299.51369029864946,308.74642577531284,1819.7105776127667,39.162058832676564,98.48077033204368,H,0,0,0,0,0,0
299.3652507202296,308.0463742564139,1418.779739592766,48.9749703612162,123.61445716626216,M,0,0,0,0,0,0
299.0426459639,310.2672810203541,1851.6464306218325,38.821241534695275,176.55226788514864,L,0,0,0,0,0,0
297.89419130457844,308.82358638866515,1500.4194926019686,55.60968929953692,108.00247998158663,M,0,0,0,0,0,0
300.61962339964373,311.5381478575614,1665.9548299639594,52.2105023766083,108.00924507143125,M,0,0,0,0,0,0
298.397584179164,307.40908052225103,1648.34092009661,34.15928921123111,64.22217251590227,L,0,0,0,0,0,0
298.9431642090542,309.2551663613673,1766.352664279026,50.90836673666668,26.024921318413547,M,0,0,0,0,0,0
302.2280715034794,309.1866254853898,1593.7625670135535,45.18519746748812,111.59261479956054,M,0,0,0,0,0,0
298.73877749511064,306.06505450537804,1290.644660998532,19.991997216119934,112.31648300501652,M,0,0,0,0,0,0
301.1705377207273,310.19878981668495,1492.8801913317668,51.80220074535444,44.72109019128437,L,0,0,0,0,0,0
299.6686114709119,310.3753944499499,1907.102016426657,60.16172324345777,182.008026349021,L,0,0,0,0,0,0
300.64957467005905,308.58153511943857,1455.692126072423,42.80520142049831,125.06410457655957,L,0,0,0,0,0,0
301.8619977435194,310.0852928978363,1565.4676039403716,50.75061457770303,104.36102372977771,M,1,1,0,0,0,0
300.03285345599875,310.70666960253305,1475.3029334762382,42.703380824026425,188.40235322884297,M,0,0,0,0,0,0
297.5646346387489,309.6768778855756,1604.6510145560474,38.58556278384029,52.37493545147273,M,0,0,0,0,0,0
297.4389956942639,310.73076805089624,1588.306971864909,45.57307957118597,85.9721982181568,M,0,0,0,0,0,0
300.62109618051653,309.2849903605742,1563.481881142294,46.621032107347304,154.9029970482234,H,0,0,0,0,0,0
301.64931907096184,309.8181380433304,1599.1568309193806,48.81588035279752,136.58094682352467,M,0,0,0,0,0,0
301.492571128443,310.1938945157585,1649.7348573035035,47.35282991835219,89.40679359729307,M,0,0,0,0,0,0
296.78666076406375,311.60789787918134,1458.9249923818315,55.598052074962546,84.2880984913647,M,0,0,0,0,0,0
295.37050060503793,309.86394325418564,1553.8672961154873,55.230548342624836,113.06576480137987,L,0,0,0,0,0,0
300.2040145674978,313.83460573534904,1811.6916259893148,47.43817817983181,179.1658220836867,H,0,0,0,0,0,0
301.6373303171509,310.42531284648067,1665.9837639140683,32.350807440269676,154.62221016311423,L,0,0,0,0,0,0
299.63928943136517,312.9661347334374,1191.7911207635939,42.75894863876618,89.33508883583156,M,1,0,1,0,0,0
301.1073586570481,311.18672149022217,1849.9899193910283,37.544855115831254,102.41383829226857,L,0,0,0,0,0,0
300.1637098494099,310.6724846998817,1570.6150119523704,37.09808179383139,133.193980090559,M,0,0,0,0,0,0
299.36712128649935,306.4360609548016,1518.0477525028468,46.338158241716386,162.31355006656526,M,0,0,0,0,0,0
297.70259137923813,309.61301038992303,1583.0748602642864,56.91374902547575,140.6582968619182,H,0,0,0,0,0,0
299.4967597743355,310.1079643125606,1579.8638116040845,42.80132389033652,70.16042568589796,H,1,0,0,0,1,0
301.99104235859386,310.00185917049566,1564.8520717425097,41.79244433228146,106.0993295727751,M,0,0,0,0,0,0
300.4625079990353,308.4864134336479,1670.058821096337,41.69220233103074,48.975672978163196,L,0,0,0,0,0,0
302.7527971957959,308.83630425279125,1294.5767541719358,48.12925762797826,78.33444227031603,M,0,0,0,0,0,0
300.5627984404731,307.90808349207975,1505.0874244575239,49.491920842650075,205.1030805007004,M,0,0,0,0,0,0
297.4406236253799,310.3066362991447,1660.9062533731735,34.982033099739525,94.39494072820125,M,0,0,0,0,0,0
299.3177995752998,308.6144216910143,1541.051434437342,37.576815521115805,143.9252497873841,M,0,0,0,0,0,0
298.96742156003586,307.5828658408036,1483.6347549763295,45.24811239085693,110.47890284879288,L,0,0,0,0,0,0
301.04284039623974,306.22646989973106,1560.3263265896317,51.75401606224329,96.53033102251453,M,0,0,0,0,0,0
302.08481567093025,312.52855700551936,1357.6567008924794,36.49167920924528,21.437312079145897,L,0,0,0,0,0,0
300.29844407211493,309.98820871748813,1652.8456371362622,35.92804085982537,42.94992598031223,M,0,0,0,0,0,0
301.57318970647543,309.57927766608685,1264.377757815258,48.83822939844967,41.699438132234235,M,0,0,0,0,0,0
297.8544464838048,308.84896469556065,1749.1761205100279,41.631253804286644,53.97786418354202,M,0,0,0,0,0,0
297.1734013832114,309.57328458005946,1399.8636770059559,50.65392688470824,132.632020070154,H,0,0,0,0,0,0
298.43740242793734,309.05677225699276,1583.9205637458601,44.25184333486045,154.2851063670862,M,0,0,0,0,0,0
302.8438571468517,308.8494779151425,1608.501946989105,43.83214850903595,23.548149592523473,L,0,0,0,0,0,0
300.1326702494972,310.6215402952529,1521.0738215649453,44.34342650485297,47.036828617905385,M,0,0,0,0,0,0
300.0398972305503,312.4758035067653,1560.0744856820643,41.24582755369609,152.05242114379573,M,0,0,0,0,0,0
302.5980736806226,307.69136702318036,1395.0071076354664,56.350997953913264,139.84230580204826,L,0,0,0,0,0,0
301.2367616628914,309.96559133861604,1653.2706639512733,52.76502083381266,183.64549669709416,H,0,0,0,0,0,0
300.2343351099627,310.7221921032195,1242.9905893825107,44.22701507876094,68.33437266132665,M,0,0,0,0,0,0
298.734781268001,312.0469327606265,1513.1906171147916,37.88442516701704,83.73032657479324,L,0,0,0,0,0,0
299.7574428498782,309.22951490810107,1676.236507501862,46.9074965236311,117.55657993763657,M,0,0,0,0,0,0
300.9694995221684,306.39761226418346,1677.1191832884242,31.817649221595538,93.77729472151954,M,0,0,0,0,0,0
300.6567577815869,310.2967255752499,1498.3473235567453,25.97298703984993,151.62170624159955,H,0,0,0,0,0,0
300.86636327119,308.67694181000326,1665.8340388953118,38.62692131284227,169.06371851730847,M,0,0,0,0,0,0
299.3007926365558,308.8405457415947,1403.5885816613982,48.09159136348357,127.39457163585983,L,0,0,0,0,0,0
303.27815766053357,308.64198774230346,1694.6990602722153,38.720413095664895,18.793017831402324,L,0,0,0,0,0,0
299.157402956382,311.4603381096664,1613.2015725008457,25.928895877989067,109.55626062467051,H,0,0,0,0,0,0
302.1917146148662,309.8102851298017,1555.0350481949984,23.782005913317853,144.97359627869793,L,0,0,0,0,0,0
299.3614422870418,311.23295894509226,1766.5540151268842,33.294959819633235,51.05632272189618,L,0,0,0,0,0,0
300.3708452972698,310.5453427655375,1593.1111163545102,44.692141795273216,76.30350764012064,L,0,0,0,0,0,0
297.65831516317354,305.3878867576407,1370.8104333859328,36.97648865037064,122.12390489943265,L,0,0,0,0,0,0
302.65652534691856,309.08756201156217,1704.6331866436738,45.58933768170344,21.045341136919063,H,0,0,0,0,0,0
302.9817888359683,312.40054638441086,1568.7590761496022,33.964039504175894,83.11875354270155,M,0,0,0,0,0,0
298.41847315801,305.2781937625002,1298.2778825505789,44.46478544579608,82.23413124859815,M,0,0,0,0,0,0
301.98804756373517,307.9481775465048,1610.7776596236065,65.67539764742712,95.52934840335678,M,0,0,0,0,0,0
299.8705467004103,309.5046876828415,1278.1891859914058,54.92289253075093,25.482965981774527,L,0,0,0,0,0,0
302.57731863247255,306.30568495737396,1735.6339241816017,41.03653971146689,153.27021396442805,L,0,0,0,0,0,0
301.21991850229665,311.8218924974818,1878.9323406116443,41.99132804079014,189.2764497884881,H,0,0,0,0,0,0
298.1564724121918,309.4539507716034,1623.349218375966,53.95528199145302,20.67991684204894,L,0,0,0,0,0,0
301.5207820512719,311.20902758197576,1503.0733373959738,37.54293825140752,123.99940554428605,L,0,0,0,0,0,0
296.053326577702,309.84376448770314,1305.5539248070554,41.790456987189664,176.17437938745192,L,0,0,0,0,0,0
298.0468153234202,311.1995856829542,1419.440010870403,48.066801463766396,72.47848882608398,H,0,0,0,0,0,0
300.2533778374568,309.06536487777674,1670.241828155211,49.10171035281749,54.48856122099339,M,0,0,0,0,0,0
301.1431104789893,310.3272499933562,1461.4455545746682,37.74488936884061,145.97265263576247,M,0,0,0,0,0,0
301.0833878654656,308.5786169997216,1376.7021145802494,43.77835010279979,100.35646540032664,L,0,0,0,0,0,0
300.0031319019256,311.62138083993995,1787.0810204777983,27.242010809958693,63.938191293397786,M,0,0,0,0,0,0
299.3247507488036,312.2098326919458,1533.256275811723,37.307309634683094,86.69150664137466,M,0,0,0,0,0,0
300.4208665100509,309.74230187843386,1290.4507965097678,35.504504689526804,53.38842497008402,H,0,0,0,0,0,0
299.17613052758776,309.322372795883,1373.2860600402119,41.49595510902989,-72.74623525012251,M,0,0,0,0,0,0
297.40559521938013,310.00404788055096,1388.1254073131154,52.534014421837036,18.463516047397633,L,0,0,0,0,0,0
300.10244510805603,307.63660724758677,1474.8185790734217,21.215206523194876,99.77878264538005,L,0,0,0,0,0,0
298.61843926224464,307.7203438841908,1389.8129927739578,42.19489051280896,4.110754784314167,M,0,0,0,0,0,0
299.3035085452678,308.9285519947681,1365.612874411588,38.85918511597552,92.99035120219686,L,0,0,0,0,0,0
299.747458381512,308.067220900843,1360.2179178956026,38.71231450979061,43.48293154744596,L,0,0,0,0,0,0
299.8646752610742,310.1716376295434,1722.0508869428,32.22031378472747,184.01056438532066,M,0,0,0,0,0,0
302.5099269249295,307.18807690250674,1852.4309328305053,34.07893677151692,52.0341575091934,M,0,0,0,0,0,0
300.5949988347288,309.9957710407683,1349.7009443184675,57.65656388861419,172.78706623940423,H,1,0,0,1,0,0
299.17187264162095,308.6904257344074,1413.0255595155174,55.06320245615071,280.0721785378554,M,0,0,0,0,0,0
301.6696235196463,309.7436266833438,1419.1115250323585,57.68416654662623,-44.89200943915685,M,0,0,0,0,0,0
297.2830918167939,311.69749557140227,1273.1049900806595,40.539204031022386,86.06181363620895,M,0,0,0,0,0,0
299.01814069550704,310.8493411067137,1452.3465011591695,50.340580640886984,7.787997347523628,M,0,0,0,0,0,0
299.95617079157046,307.83787222342573,1589.4495882550136,17.726281162170846,216.3263882887273,M,0,0,0,0,0,0
300.2713560360629,308.6950614960037,1654.7198201663073,55.280096259460116,163.46006935111555,M,0,0,0,0,0,0
296.00932335929156,309.34666573048924,1295.087995708772,35.01582842120081,75.27863676309244,M,0,0,0,0,0,0
299.5653866107282,310.253247038502,1815.8093211941232,32.71144040657272,62.2911800900114,M,0,0,0,0,0,0
302.78259844538263,308.1346869844542,1316.0844277510437,44.39717457925254,78.29920305107727,M,0,0,0,0,0,0
299.6285894454035,309.57233559724085,1650.4636703885944,51.16654324046095,175.05225212061774,M,0,0,0,0,0,0
297.23988744835714,309.94132112414854,1694.8978627986498,48.31100170443784,187.55319263635067,H,0,0,0,0,0,0
298.056388566694,311.1610103472797,1489.7110671382734,39.533994177784,88.90092161019231,M,0,0,0,0,0,0
300.3748733026444,311.64061022287933,1527.0076615964801,23.24112318944059,158.28057381157143,M,0,0,0,0,0,0
302.18944214138565,308.42891721188045,1775.6460810512074,33.401084060361306,74.68811397818212,H,0,0,0,0,0,0
302.0601503763102,312.0864773564085,1654.5704681535444,51.60539626305031,99.80409034261005,L,0,0,0,0,0,0
302.10366612253097,311.3919903637258,1741.2253133519014,34.913344475193355,90.10908413969429,L,0,0,0,0,0,0
298.27508915718005,308.09671457957137,1774.4097426579913,36.74504048992973,113.48024930077278,M,0,0,0,0,0,0
297.87506941249256,309.8513875643786,1576.2870196146412,32.23458568153214,-9.484204423259357,M,0,0,0,0,0,0
300.45349884907387,308.0476856104048,1552.4093958548126,20.079297342473435,186.98722117289464,M,0,0,0,0,0,0
299.0194636881663,307.6517970564312,1465.6754841079266,30.272329685460345,182.50696947860402,L,0,0,0,0,0,0
297.28903065978307,309.63758645688955,1763.727230039521,41.33299006991194,219.6364175352009,L,0,0,0,0,0,0
302.2407077371488,309.6696860289407,1679.425829803745,53.26065277812533,138.42148205595768,M,0,0,0,0,0,0
296.4473240135901,311.4406177573069,1560.4335800982767,33.11314265200189,-7.644167558155502,M,0,0,0,0,0,0
299.9250526929583,314.2311739653006,1434.0453590920902,37.84219375873804,171.51771746932138,L,0,0,0,0,0,0
301.56089884820614,309.4856799577063,1788.582559349014,20.338942628692703,154.5316098201784,M,0,0,0,0,0,0
299.14445905450833,307.79546756420837,1636.2371650492769,39.9866234534537,-3.23570241175716,H,0,0,0,0,0,0
299.14026026781005,308.5435990353679,1277.9917282047559,24.37049091216945,223.05911437037702,L,0,0,0,0,0,0
300.871859542479,307.98142400083503,1824.5375290638779,29.564652324457292,78.26477414036363,L,0,0,0,0,0,0
300.39736365764355,307.9475485086373,1341.5745932403283,32.98252377417647,59.55328882094464,H,0,0,0,0,0,0
298.5757752464407,308.9101044680191,1433.1346006320493,59.91476420703452,43.47282913113244,M,0,0,0,0,0,0
298.83473271657186,310.2214075166821,1233.4148968195245,39.17064480037882,8.146139377614219,L,0,0,0,0,0,0
298.7329719313886,309.0572578057511,1488.7121651254904,39.51904984970637,110.15594788847658,M,1,0,0,0,1,0
301.7770779983115,313.218772199643,1707.1094437311808,45.38986529907148,161.74871840431553,M,0,0,0,0,0,0
297.8245878439413,310.8109386508393,1604.9000766583376,46.10602835280068,241.49973286639403,M,0,0,0,0,0,0
300.84007165649655,308.8253474113747,1687.3640256397382,51.57216194274766,142.2520188488388,M,0,0,0,0,0,0
299.39646235872317,311.60911041785806,1459.2430071232077,31.830751614032277,110.423770858037,M,0,0,0,0,0,0
303.85100031925595,308.3547750776749,1309.7869749970005,42.07501646011203,45.07551478281267,H,0,0,0,0,0,0
294.45593295244134,309.1333746759336,1371.713553952313,44.1392800556496,112.78692792422677,M,0,0,0,0,0,0
300.01570183549705,308.352348568568,1784.2109155045641,50.17751875057628,40.954510685262235,H,0,0,0,0,0,0
301.2387892563014,311.75085900794846,1188.2453276180986,31.643276489758488,153.62025393858636,M,0,0,0,0,0,0
300.8888298710764,309.62199905261923,1541.5100355539798,47.011346976831305,60.02990259595016,H,0,0,0,0,0,0
301.5482339169888,312.0808525114774,1491.6202510293624,52.70120171661135,217.91893370912572,M,0,0,0,0,0,0
300.12533440166766,307.56357169234326,1273.1374330096655,37.11635853355558,-5.296150669109949,M,0,0,0,0,0,0
301.9685821925055,312.62071137773506,1813.1036489592097,45.65409579629604,141.49560275322077,M,0,0,0,0,0,0
297.9738597853859,310.93600396940496,1739.0117885868965,32.533192339754024,245.17580605140122,L,0,0,0,0,0,0
302.1063800219015,309.6330201042569,1308.6106667492124,38.59728503820493,73.91226058803927,M,0,0,0,0,0,0
299.3869965094366,311.5906309196164,1649.1421343990614,41.72265728643638,82.368382487162,L,0,0,0,0,0,0
296.29400681826337,311.4976354341834,1407.4328877208036,51.46900066673552,180.82667750411724,L,0,0,0,0,0,0
298.7844098982541,311.29769476807803,1232.732626766308,56.87965823314535,61.96822525651565,L,1,0,0,1,0,0
300.5622014766757,312.1454177009278,1574.5076382491532,60.98719190470487,232.3080155709689,M,0,0,0,0,0,0
299.8958069116662,308.4830658072046,1564.9451137879778,28.331959022285613,141.01226830051215,M,0,0,0,0,0,0
303.08063891971517,309.1695815223856,1885.1122705253076,49.04162623818464,198.89064743053638,H,0,0,0,0,0,0
299.8133391010819,310.09505653096477,1430.2233874458539,45.104885699110085,97.16234789696517,M,0,0,0,0,0,0
301.48137820136566,308.5288959288579,1515.560061753849,45.489924937945894,171.0569912427233,M,0,0,0,0,0,0
302.74406680452046,312.0912804912819,1429.2682343814995,42.00111163001354,115.62731207819253,L,0,0,0,0,0,0
303.4087889991315,311.13607702370587,1508.4500657315293,31.35064570816612,114.2861517579999,H,0,0,0,0,0,0
297.81768494928093,311.6391705290603,1679.885907408633,27.231880670283694,192.01038041398132,M,0,0,0,0,0,0
299.09443982170245,311.77585739747093,2023.5874835495288,33.2676986887234,132.52402130497654,L,0,0,0,0,0,0
301.15626506838015,312.0332427335212,1527.0690178986104,59.85087192224534,116.59178759132904,M,0,0,0,0,0,0
300.40020019613894,309.98682780468573,1252.0321205141686,40.995388637553894,213.65005538506722,M,0,0,0,0,0,0
300.5894556258896,311.4461914429382,1721.2033553279718,36.69865714645525,166.22289736362708,M,0,0,0,0,0,0
305.6757743918621,309.24009644824395,1311.722177965753,41.377761160059414,129.51595378127354,H,0,0,0,0,0,0
299.12068436781084,309.81078674275943,1573.407143752582,50.84611097058193,193.55816192167737,M,0,0,0,0,0,0
301.8367666395318,307.82720333863153,1691.1927152153417,56.134334966397404,142.7960925628471,M,0,0,0,0,0,0
299.1574992690433,309.7877434690905,1364.3172275149086,23.109728679376808,123.80974873024675,M,0,0,0,0,0,0
299.8707129382736,307.71309676216174,1220.2371787901043,36.26300249678225,150.51552812833654,H,0,0,0,0,0,0
298.86494848930465,311.64408994923696,1436.2377326782935,40.51868680891082,30.32594990515547,M,0,0,0,0,0,0
303.0294621913445,308.7986195064676,1906.9399646513737,41.69165112318568,85.3090567210424,M,0,0,0,0,0,0
297.23756620639773,313.0591670530104,1537.566302012597,40.375065051288864,115.8561439328372,M,0,0,0,0,0,0
296.51569298483827,310.59447687703624,1364.2233160901692,44.69262742581444,157.47141812969392,L,0,0,0,0,0,0
300.77993164873163,310.66231744986254,1299.5544050868164,62.60452146482081,155.92133133196225,L,0,0,0,0,0,0
300.55806852986615,308.06390947058907,1866.660069463031,53.71136412006778,16.69222502529179,M,0,0,0,0,0,0
301.22644790667385,308.49636335867547,1299.8717795170853,34.275051101891286,54.861252775932876,M,0,0,0,0,0,0
298.0114916894535,308.7962226745132,1281.85462423936,51.815335003420216,42.77561898609633,L,0,0,0,0,0,0
302.3116852272693,308.5887389170468,1537.8636539044805,42.80459261737351,-18.521268171016743,L,0,0,0,0,0,0
298.1252203503813,309.1607413664251,1557.3722087375334,31.933784289311273,130.91452973816024,L,0,0,0,0,0,0
299.57255727359853,311.56631243358305,1677.9316370437557,27.153840097924103,90.63200772140253,M,0,0,0,0,0,0
298.79124630464156,309.33880822785665,1310.5743061287726,30.111190334518966,68.45135636826888,M,0,0,0,0,0,0
299.3214964780146,308.7381566560154,1654.153496993549,45.12476210775467,69.02492367208299,M,0,0,0,0,0,0
296.74432809018367,310.8744789806458,1731.3502559897718,44.570088357752475,87.2405601019463,L,0,0,0,0,0,0
303.16965701960595,310.3400005423067,1630.1759268188248,40.30500939646621,206.21028097877712,M,0,0,0,0,0,0
301.9097211348065,310.0358510801586,1844.126856673027,45.059185972683025,163.4936962647981,L,0,0,0,0,0,0
298.96997008892066,308.7968444004228,1374.3439229329058,40.656762598173266,160.2941530915092,M,0,0,0,0,0,0
301.04464113138675,311.71781058574487,1682.9589814006654,27.66547635301942,28.105195241671808,H,0,0,0,0,0,0
301.65241487358213,310.60309900280265,1269.2624754062958,34.91149812795462,87.05519447234784,M,1,0,0,0,1,0
299.9917716424816,311.59437190951616,1577.2161487790734,39.464461507280134,107.91785702361766,L,0,0,0,0,0,0
300.8727123880044,308.02782546624434,1559.7104348329133,37.82690619846025,106.53284409075367,M,0,0,0,0,0,0
296.9725006045264,309.7557611822092,1593.2767164723257,36.46289298416176,93.49765129057458,M,0,0,0,0,0,0
299.09514700845324,309.7886485627431,1368.695426835055,34.0560461547984,126.86819938687866,L,0,0,0,0,0,0
297.62569575369656,310.2908709270241,1344.1849930608107,53.724038193747596,39.4065915254244,M,1,0,0,0,1,0
299.1681520603026,309.4352723321853,1744.7721625077215,38.799086990874756,101.85136849864256,M,0,0,0,0,0,0
296.4998082247793,309.22477621311765,1492.681549445651,46.91897633143988,139.16007261592836,M,0,0,0,0,0,0
300.8296887869797,310.6172886705305,1622.2585384485094,37.96195199338835,51.150853463077084,M,0,0,0,0,0,0
299.10826975392735,309.6172679167322,1634.1032792309413,41.68775989729956,144.5631050061558,M,0,0,0,0,0,0
299.89070718421146,310.8112362015563,1284.4100750855503,43.86836409821597,82.4256324421591,L,0,0,0,0,0,0
298.7770045585513,308.12382842325366,1903.0093931828574,18.56932655173812,86.24972271282456,M,0,0,0,0,0,0
299.80081039593006,309.77983887619445,1775.3000169269485,47.01795192494211,-1.376641428631217,M,0,0,0,0,0,0
300.0219011909637,311.3835439302621,1782.3511069111146,23.057328427670914,116.33305668797222,H,0,0,0,0,0,0
298.37797290465784,308.7350221672157,1518.9489783589033,30.242586129321708,211.41038642413082,M,0,0,0,0,0,0
301.8021464419234,309.5100065694405,1352.3977331657688,35.34226790071553,142.1145260257317,M,0,0,0,0,0,0
302.04294907157305,310.7573336731184,1823.4427619046457,53.12469220587596,167.8916833899339,M,0,0,0,0,0,0
299.1507405738963,312.4072708778778,1451.3740295795035,42.095471468666545,42.07091082974274,L,0,0,0,0,0,0
301.90516814855374,309.60051156501686,1638.7428196181706,31.38824398366613,155.97028974721974,L,0,0,0,0,0,0
299.2118119003617,309.6728917977679,1950.2782016809488,46.065222656330356,153.95827730061447,M,0,0,0,0,0,0
300.73200480011616,308.2539043172461,1456.9973237464756,44.122233618756354,236.6412530491588,L,0,0,0,0,0,0
301.6949553134717,307.83045024693996,1384.2608419768305,39.85230043014649,47.455178869836445,M,0,0,0,0,0,0
299.15445911779744,311.6843833132099,1852.1057824141762,40.24850874559856,27.065771267497453,M,0,0,0,0,0,0
298.4751030436262,308.99614038188577,1712.2763300477368,42.0696375088258,241.0289327897686,M,0,0,0,0,0,0
299.21606222309737,311.17978091997037,1262.1352263612719,50.117106391734914,7.0200579550841695,M,0,0,0,0,0,0
302.59884977015287,310.9340051185999,1726.5822346477173,56.69612870696573,154.79923223080561,H,0,0,0,0,0,0
298.61002541690647,310.89866816520697,1687.3695092859152,32.23968754531998,137.20920983487787,M,1,0,0,0,1,0
299.76084264031925,308.1163684736731,1309.4476837080879,26.50142452873341,57.0503106016403,M,0,0,0,0,0,0
297.7793447694962,310.77061555669326,1734.4913327304707,38.719839981897245,232.70889516691327,M,0,0,0,0,0,0
298.27601579748875,309.15690322607645,1281.1332967227834,27.07060484398921,172.73309879447334,L,0,0,0,0,0,0
299.59473540257767,308.2505871856077,1435.6732133580672,28.656447928327317,102.09091626441153,L,0,0,0,0,0,0
298.19945681201983,310.5765647258184,1394.4982985414285,43.604798495271474,127.91163889070987,M,0,0,0,0,0,0
300.67664963762206,310.01093869934,1514.3764652438933,39.112877774442424,194.20488480914614,M,0,0,0,0,0,0
292.2046339522517,309.55013617619926,1568.8304993491186,38.1072024640545,174.67328277738352,H,0,0,0,0,0,0
305.32297249004415,309.4992156686704,1369.5760655836516,36.679521913488564,182.09609487978065,M,0,0,0,0,0,0
300.858075183772,312.10323148218157,1372.875195095939,40.25267311230089,94.62044320365992,M,0,0,0,0,0,0
299.5278187664825,308.74768990954345,1287.2650225638872,44.336722584156554,57.36147848835794,M,1,0,0,0,0,1
300.3162002292071,310.5755476580416,1746.723015720047,34.15431372793786,287.68810652942545,M,0,0,0,0,0,0
300.94941378589033,309.8301023645333,1508.3590557654813,47.53172084316996,199.85636379770506,M,0,0,0,0,0,0
296.25476795094824,310.3900582898511,1432.3384526406621,29.1784995871218,94.43552954419596,M,0,0,0,0,0,0
302.6573960246094,308.62844339663974,1310.7848500078098,44.14344961477789,84.3594435480054,M,0,0,0,0,0,0
298.92457690127077,310.07122862826213,1470.1620541231737,31.936681250324078,95.599642093159,M,0,0,0,0,0,0
298.90543270192,307.62410106888194,1505.3697757356676,44.72512519704152,140.84246272591474,L,0,0,0,0,0,0
297.61853840464056,310.5714761417755,1745.7161131378843,38.41275193956745,165.06690229052174,L,0,0,0,0,0,0
305.0981906332257,309.74491492461044,1662.9327563356862,51.42112427915279,104.84893059889315,L,0,0,0,0,0,0
301.1910750004229,308.8783950319957,1434.8439544636299,44.10868489650658,54.27186778418345,H,0,0,0,0,0,0
302.21693880240207,311.3517947562158,1703.8653325583068,56.634578459098876,123.6960845773518,M,0,0,0,0,0,0
301.51818853186836,309.7605355114269,1819.0680922201216,42.15178452545817,16.968878231561433,L,0,0,0,0,0,0
296.039242880916,309.63461479141245,1439.5996066395876,48.0132822242465,139.87661226791752,M,0,0,0,0,0,0
299.8228065108508,307.8028136782903,1304.0527371897529,34.60098701453032,86.31829255980854,M,0,0,0,0,0,0
301.8518536188653,311.5798715488284,1434.745523062999,43.005839533041105,162.64018863234995,M,0,0,0,0,0,0
298.13719379573473,311.5353056563059,1524.878189611948,40.51941156920534,-11.979660319276547,M,1,0,0,1,0,0
302.04019894444923,309.38638041846275,1392.8087550933897,77.28247919389048,141.57572785888328,M,0,0,0,0,0,0
301.0403224630141,305.79953144298173,1597.9603333968207,59.56831406947943,118.0097790105771,L,0,0,0,0,0,0
298.46604001232225,308.9944974412484,1471.0153423058653,31.214430302867363,43.25193128770782,M,0,0,0,0,0,0
296.23911717871823,309.5332008136041,1450.7815384868077,37.33174981799559,184.20611372041327,M,0,0,0,0,0,0
300.1970199334142,309.3777159602863,1444.3517095193106,32.549580944607165,37.68642264225787,M,0,0,0,0,0,0
298.2657807248865,307.02380859523356,1489.0526287669377,46.65904399734791,10.547305608406162,M,0,0,0,0,0,0
302.33805956225706,310.06766359296734,1717.2060595133605,47.09074701537322,169.37506522287472,M,0,0,0,0,0,0
301.62770024391546,310.6458975810606,1707.7311276090413,24.87750632963138,125.4686238816843,M,0,0,0,0,0,0
302.73377419165587,308.86965534636914,1569.447045973043,33.93773303520957,85.81589816321822,M,0,0,0,0,0,0
299.8198686970552,309.8488575238144,1574.7293996146916,32.84901164274327,116.90414318975066,M,0,0,0,0,0,0
298.8047397240781,311.33177443157064,1615.0828778814657,25.091650492760976,51.7703231996957,M,1,0,0,1,0,0
301.22642575942865,309.3040400800539,1348.7801766499522,45.69251689476026,156.4432962799272,M,0,0,0,0,0,0
298.2330190701988,310.18078751313095,1664.6979783951338,50.41435973563198,224.35522319536102,L,0,0,0,0,0,0
295.9571022544897,310.8252368001229,1513.005360698796,33.43455156530954,103.90447975301198,L,0,0,0,0,0,0
299.5086780783475,307.4794693595626,1674.897321214643,55.630709964709034,99.24466099272362,L,0,0,0,0,0,0
297.28054774080533,309.38437279760274,1618.2509615455672,47.77894699922412,55.84912280549521,M,1,0,1,0,0,0
302.3859922574807,309.38209830247735,1700.338743586987,40.57094287962168,68.22451924597031,M,0,0,0,0,0,0
301.1459813338581,309.9005992222215,1602.6558797410853,39.47872337399337,104.20672334413382,M,0,0,0,0,0,0
296.38132405937154,310.08789076356027,1664.8771050816615,49.84731846582273,85.37533862630815,M,0,0,0,0,0,0
303.0363657501935,308.84255400403947,1653.759283545378,30.216272962645935,236.6152554863351,L,0,0,0,0,0,0
298.9926904022379,309.0019723234381,1533.2408955697601,34.15128553727271,242.22127813647072,M,0,0,0,0,0,0
295.36741275560956,309.7233674921692,1500.6514147517437,42.166058748291164,145.7853416399993,L,0,0,0,0,0,0
299.3960805573161,312.6217567286015,1546.7838506411472,45.08422639568369,120.56027639698586,L,0,0,0,0,0,0
299.40687528220514,308.92844276103455,1733.8027395642207,41.324080363734815,3.3084223239547867,M,0,0,0,0,0,0
300.4593752916659,312.92834819697595,1505.4021268611946,34.09871597578336,31.52091624818779,L,0,0,0,0,0,0
298.2962383771141,310.2889997933158,1806.1519461916168,47.66983203445598,292.25142127045206,M,0,0,0,0,0,0
302.8436710032732,309.02516678380897,1703.3148764320501,54.44549936336551,61.85731972812784,M,0,0,0,0,0,0
294.5377267946708,309.2498543190472,1458.5464960666206,37.539486486521575,53.5560982999053,L,0,0,0,0,0,0
298.19717957615774,308.02063235079703,1701.9876972179075,23.672382194506927,65.1039169659982,M,0,0,0,0,0,0
301.8024891556382,308.41641090751256,1488.2807163393095,43.4403326919132,131.96262816606753,M,0,0,0,0,0,0
302.1484110249018,311.8028539116605,1466.538867531303,26.82194210225643,154.43832084478868,L,0,0,0,0,0,0
300.7801817188942,310.3882892010186,1696.3183059747716,29.103018580804346,113.6000922568059,L,0,0,0,0,0,0
298.50025219499537,309.5830504964655,1761.66863186075,41.53235476268307,91.55880376017399,L,0,0,0,0,0,0
300.65300662158506,309.48721818077274,1729.3957630248008,20.820022728958243,138.98614794644828,H,0,0,0,0,0,0
301.2388178708461,309.8709709265631,1370.6641184088462,30.847732113926966,179.30688211979643,M,0,0,0,0,0,0
299.79394587415067,309.29122300994715,2028.8147109918766,30.396939216127304,39.05724369297069,M,0,0,0,0,0,0
299.43707988814896,306.4080094688987,1750.9488391838165,49.23108709473907,162.39644224303788,M,0,0,0,0,0,0
300.74090611442443,308.74726693788847,1467.0656413090192,44.19771325339055,14.399088417938884,L,0,0,0,0,0,0
298.21437679688773,308.764160928557,1464.303255083635,26.935258542851102,139.5451133456849,M,0,0,0,0,0,0
301.56668927294976,311.17081210523645,1233.6153013082353,47.526915437806736,162.2031515047207,M,0,0,0,0,0,0
298.565198103869,311.28936716232903,1629.0512055581703,28.27708284934596,158.71980226029012,M,0,0,0,0,0,0
299.52710056326725,310.81721934219763,1434.4464303268326,37.18630582526069,77.8314659654223,M,0,0,0,0,0,0
300.129138889863,307.9997139326682,1427.1538601831112,51.83281158169603,113.1623497120282,M,0,0,0,0,0,0
302.04908192293345,313.2027232671961,1795.9407198572053,45.230129191555804,61.74210952570716,M,0,0,0,0,0,0
301.24030424074215,310.74906305681463,1175.742395074213,34.795757030042175,80.2010137750358,L,0,0,0,0,0,0
300.93906679089605,311.79060535366466,1720.0012488781592,43.56869753470437,20.65655083189624,L,0,0,0,0,0,0
300.0055249498541,308.68803626861944,1856.359793601162,36.91905031202315,-27.32502044009513,H,0,0,0,0,0,0
301.1676726566523,309.6834317548528,1512.4239949212968,45.80848344627802,198.11503591561853,M,0,0,0,0,0,0
296.3880149387323,310.9048969863387,1692.5953225265673,49.531830109850866,195.28296865021707,L,0,0,0,0,0,0
301.8966995584661,309.16826786069385,1528.8975618515533,44.43071293201795,44.64120038848472,L,0,0,0,0,0,0
298.27103176526805,310.9699465244206,1438.097782517338,49.033752389374044,103.5591681442116,L,0,0,0,0,0,0
300.4705343587749,311.7637009066192,1465.7232186870121,37.014631272743195,108.70180656712618,L,0,0,0,0,0,0
297.7115084107951,306.2140467445658,1293.8813996229233,40.54220338660593,62.452216451063464,L,1,1,0,0,0,0
300.74440139564433,308.95995233414266,1675.780451099063,51.72174279522008,166.46613418623613,M,0,0,0,0,0,0
301.1032870177993,310.44743963033943,1484.9344508433612,49.54252065613267,81.41862626034174,M,0,0,0,0,0,0
295.0806012881427,308.9738846238596,1872.6222478372558,33.820091032217206,87.31985376530781,M,0,0,0,0,0,0
297.20391453258793,312.0554049700568,1575.6229065582952,28.033732658334507,171.2947383516704,M,0,0,0,0,0,0
298.45817726339936,309.1915651600144,1740.0649137596338,29.546924526269528,94.3650297231676,L,0,0,0,0,0,0
302.5046913880455,310.7993313501597,1659.705369112944,28.38086902759737,182.54380888818406,M,0,0,0,0,0,0
300.2560591680893,308.68573536712336,1506.2489126467542,41.61061833016527,154.8927279955156,M,0,0,0,0,0,0
298.8650857932196,309.41030432846975,1122.9808046896437,31.358677398534578,133.0397918554002,H,0,0,0,0,0,0
301.93032122096076,307.8473937664162,1444.0715303855682,59.26914811469712,82.97862035566037,M,0,0,0,0,0,0
299.4856072233453,310.5436021280405,1840.6837535041527,43.653719998794465,28.51122870248649,M,0,0,0,0,0,0
295.8595186084207,308.8076353378192,1666.1944533476544,53.24581016466988,126.47880269105903,M,0,0,0,0,0,0
302.66523316366005,307.8604038389564,1363.7613372058681,41.21183146395653,121.01243512421728,M,0,0,0,0,0,0
299.3583198424909,309.87741006475943,1472.2429443932122,55.31032572018673,93.28090415542378,H,0,0,0,0,0,0
299.2904196913894,309.9238740304653,1577.2204810411422,48.27787248976452,111.09407381557116,M,0,0,0,0,0,0
300.3948994141204,308.2963396931847,1539.4455489982515,47.94974353167467,132.9494653766634,H,0,0,0,0,0,0
300.4707727491599,310.31568124369505,1654.5694195846265,37.97539301678077,93.18945227001176,M,0,0,0,0,0,0
299.5153506458175,311.65956002355614,1134.143588696079,50.83252639612242,47.649147537316544,M,0,0,0,0,0,0
303.6566551954245,309.33154172064326,1606.426822612464,28.111637816587873,168.36116027817644,H,0,0,0,0,0,0
302.39940402543795,307.87336618363884,1637.633918294695,41.65708489021231,121.81072516234958,M,0,0,0,0,0,0
297.98334075581084,312.50256988787214,1595.5703776689422,34.617779245125455,225.14737577617436,L,0,0,0,0,0,0
301.7934582970916,309.29549959467425,1374.208744021193,50.64380403540278,27.58630845392581,M,0,0,0,0,0,0
301.0022568744183,308.1498895093009,1739.9744183021298,39.98118975101351,28.829769659118625,L,0,0,0,0,0,0
299.16318722281767,311.33763879100565,1606.7885017055116,54.068080844722964,34.29330481075621,M,0,0,0,0,0,0
298.7202515311129,309.4011508735607,1331.9043066448855,28.206374028008693,46.50588730207214,M,0,0,0,0,0,0
303.3633813531417,308.67061437632697,1187.4777371957741,71.21294073243337,212.47224549937775,M,0,0,0,0,0,0
300.28702919657695,308.43387655525834,1804.11202235244,44.262863045692995,40.262249540441985,M,0,0,0,0,0,0
301.7020574277606,311.47966762843083,1767.8402671601236,26.999016569392957,114.53460850516177,M,0,0,0,0,0,0
300.0800539014241,308.885484137884,1461.077803361684,33.86347333399337,228.813918542027,M,0,0,0,0,0,0
301.6326861106311,308.4617995911872,1340.599132665169,36.071269436764815,81.2049915325467,M,0,0,0,0,0,0
303.55502099040064,308.4760977863795,1946.5399294997785,43.28714456530405,58.275127922550766,M,1,0,0,0,0,1
298.39679727311506,309.2802886093983,1603.750786583887,49.44584648806024,116.8067797657007,M,0,0,0,0,0,0
300.96518305992635,313.23028300727884,1749.183412598849,36.20777361805687,127.8840343550778,L,0,0,0,0,0,0
301.3140720615894,307.5942566939945,1764.9265260591408,36.20217049591541,54.479939857913074,L,0,0,0,0,0,0
299.0247815563914,313.0198146068197,1572.8496379337805,51.61587310704595,138.47808325246186,H,0,0,0,0,0,0
301.069047566163,308.2031430495668,1528.2280316188824,17.214386577865493,0.950042869863239,M,0,0,0,0,0,0
301.15196367009656,309.40372848979274,1687.442185639443,24.1035343731499,62.966516280098936,L,0,0,0,0,0,0
299.9720670141736,310.5609362247823,1348.4153506086648,39.98808986663542,102.58710559500605,M,0,0,0,0,0,0
304.59319181966896,311.3186629468128,1444.1416235834542,63.80880386677739,182.83986980766224,L,0,0,0,0,0,0
298.09777096083246,312.98480632503464,1747.1701189856708,34.58495201582291,128.16130924065567,M,0,0,0,0,0,0
300.7269694462512,311.24001112899117,1640.288077782639,58.74200207583866,99.64255943860218,M,0,0,0,0,0,0
296.6291786865754,310.00980111224965,1744.727252062289,43.547785173646695,49.441359409473755,L,0,0,0,0,0,0
300.08767379587266,311.25271416982275,1783.011802981285,37.368637129243965,43.56000039552795,L,0,0,0,0,0,0
296.4680726078835,311.5738811127323,1378.9479168269727,41.310401312340005,6.541944079000217,M,0,0,0,0,0,0
300.99833379559703,307.4566290738226,1752.0919412770138,41.30724408744784,126.33199485998632,M,0,0,0,0,0,0
299.0391593624405,308.26770543891814,1249.2949150680486,37.897276283151164,137.0787115147774,M,0,0,0,0,0,0
303.025396182967,308.8880911459749,1588.1158488941462,44.02918152904807,140.0126623209373,L,0,0,0,0,0,0
299.91271859538176,311.0752024237562,1517.0438660881655,35.89774750596534,16.58458763246307,M,0,0,0,0,0,0
300.76019362957214,311.85384860581325,1646.6454651940523,32.55261535983025,159.44928994619198,M,0,0,0,0,0,0
299.87111149053106,312.6421903445655,1667.4008088735418,49.17840865549914,136.97117906361535,M,0,0,0,0,0,0
300.3692057362705,310.6576395390588,1581.3568352273398,8.189463075103411,76.79053706953106,M,0,0,0,0,0,0
300.76647660306844,311.3304074705084,1388.4513654428024,56.275255452248956,116.58122479530178,L,0,0,0,0,0,0
299.98193554834194,308.9702336312938,1374.0738361104768,36.238878923154594,167.3951673286929,L,0,0,0,0,0,0
297.3721316613466,310.1445979115762,1731.8447336070979,24.830293813803426,109.23134416448558,M,0,0,0,0,0,0
297.18647221522997,311.490212884406,1546.9966433014208,48.83937298531461,161.84444485348376,M,0,0,0,0,0,0
299.45950619404294,309.8498533077567,1287.4778618925773,47.79576497186351,118.5536771719812,L,0,0,0,0,0,0
296.8641967845515,310.2592459475976,1438.7772299987798,43.26961104119213,77.02509573452977,M,0,0,0,0,0,0
296.30473275826995,311.48742791161044,1621.1195971725738,36.893671264004126,138.80081887954483,M,0,0,0,0,0,0
300.1087725030832,312.79271773580706,1505.5938400601678,41.73590604425546,68.6542822954269,L,0,0,0,0,0,0
301.9134249236086,309.0813674415759,1552.619714498155,46.72355466459466,183.4320420728024,M,0,0,0,0,0,0
299.7976597371892,309.228916851178,1378.8047134634717,42.932950998968934,154.0954245401159,L,0,0,0,0,0,0
297.54994209940963,308.59776983024,1612.9436050114025,35.446542874271934,76.54313497528908,M,1,0,1,0,0,0
302.16434311888196,310.26092114175003,1408.7419792204687,49.131636768278334,174.25763058637716,M,0,0,0,0,0,0
300.40869966129173,311.04395992618583,1790.3151025137288,49.63649659375876,110.84765378861829,M,0,0,0,0,0,0
296.51723053363804,310.48580000506695,1611.7443780651813,62.67671936233883,123.79265859521158,M,0,0,0,0,0,0
299.0813552532587,311.4463024416593,1197.0651524312175,21.322966359524003,129.04418776715718,M,0,0,0,0,0,0
302.8280577412102,313.80466658049664,1319.4124220083477,42.31155596951701,186.67284905179298,M,0,0,0,0,0,0
300.2811738248143,311.5598222929561,1835.9429170053959,33.414580231893304,124.79728435282641,L,0,0,0,0,0,0
297.1599172066307,310.9569596077729,1271.9004250210958,61.018911476998206,175.53638508498832,M,0,0,0,0,0,0
295.6541043851561,310.3786021931959,1506.2922671575332,44.438530937036155,197.53747466682012,H,1,0,0,0,1,0
301.3771776439251,308.7645897325195,1709.772665431312,40.71774184293531,-30.917322462627595,L,0,0,0,0,0,0
298.9580373398408,308.4700581572809,1749.1362386188614,43.15016887948121,146.42322341387361,L,0,0,0,0,0,0
300.9100012774919,306.8430823846609,1684.0009578008403,51.99254654529288,89.6551995667991,M,0,0,0,0,0,0
302.73534179917345,308.83925657199507,1477.745542972922,52.87080427127225,75.57922898755254,M,0,0,0,0,0,0
297.09672373625847,308.6197562911677,1545.8794365066333,43.44792283383583,163.22301736393615,H,0,0,0,0,0,0
301.39717219011527,309.8401352761795,1762.9982077998422,47.57985921978324,219.65384800802636,L,0,0,0,0,0,0
298.0204311596948,312.59734433487864,1356.9739139195021,54.45320825052822,72.57624734511779,M,0,0,0,0,0,0
300.8462548112822,309.01840270304814,1446.9302449110505,32.63635605598475,161.0153077341372,M,0,0,0,0,0,0
299.3420557021099,306.71361367105624,1555.9137463115273,39.030743015683306,144.20279592329456,M,0,0,0,0,0,0
301.6934585115374,307.14604926462675,1442.7436811463633,22.07662309873543,151.14153197212482,M,0,0,0,0,0,0
300.42056029293974,311.2839536396391,1393.9473056245179,29.629708408753594,148.14433562450242,L,0,0,0,0,0,0
299.8493948617781,308.9422835353703,1715.5552364602304,35.28274795477802,15.40960031668574,M,0,0,0,0,0,0
303.40874091928913,310.64142367427104,1425.3072519228285,34.05257718321679,100.17113146351527,M,0,0,0,0,0,0
297.3830733127922,310.3934838173803,1579.3410652980872,38.71380101383683,60.09190336818908,H,0,0,0,0,0,0
299.20583200395527,310.64535639135727,1563.9814334982245,40.82661771449704,262.7157255455912,M,0,0,0,0,0,0
300.41375266719933,309.6137330416483,1515.5540711053206,50.63602442137068,27.816287341391686,L,0,0,0,0,0,0
303.48120800460055,308.67086355062946,1467.3087108714888,36.882697793119654,115.95123095299155,M,0,0,0,0,0,0
300.11052041142364,311.3509550185073,1602.3615072838409,53.30460336990612,129.81803217436723,H,0,0,0,0,0,0
299.5701324299701,308.14362829276484,1428.353912467171,27.17764570229844,177.54980283664003,L,0,0,0,0,0,0
298.1587956987907,309.91692762641253,1097.5522753922037,46.32769312608678,-7.318453056651279,M,0,0,0,0,0,0
295.9254603193177,307.5830680904484,1612.2114529366056,44.28463754029852,82.29268599204127,H,0,0,0,0,0,0
302.44162260844035,307.4542888887219,1419.582986375728,78.73664497785359,133.27675190477703,L,0,0,0,0,0,0
301.8788459548023,310.71969859051956,1598.0355384521336,46.37964230271024,125.19482104093092,M,0,0,0,0,0,0
298.85236575648565,310.0521232487461,1108.7520932503505,34.687589217504225,161.08400252923622,L,0,0,0,0,0,0
302.3618236295018,310.23237491661024,1233.862759627653,61.082738107622745,-3.1909666969429225,M,0,0,0,0,0,0
300.21664741956545,313.9850603433378,1416.9653729055644,45.22381858615978,132.03233479248766,M,0,0,0,0,0,0
301.5410617058007,310.4035268563377,1654.968935207477,36.733519950644634,103.93923362663651,L,0,0,0,0,0,0
300.22232420735185,309.4061893850378,1555.0360793117823,36.22305372621925,49.917866145551514,L,0,0,0,0,0,0
301.5728487755276,308.9038739610321,1419.2620376855582,31.388620110204535,177.38332460454004,L,0,0,0,0,0,0
301.926346408507,310.02878063098586,1628.0617277812264,49.69701759590119,38.408520918470145,L,0,0,0,0,0,0
301.770623848395,309.22347694906836,1710.2303209484269,39.80374602366025,187.5378257376775,M,0,0,0,0,0,0
296.77911338499183,309.65369923965784,1573.1209427704684,39.24608412681874,57.7198647707366,M,0,0,0,0,0,0
304.09680902066947,310.7177500362351,1383.6240769243611,30.316611137236357,143.15529214150507,H,0,0,0,0,0,0
299.88738027680466,312.34419494248834,1798.2356429574154,30.382585212068975,157.07952866006192,M,0,0,0,0,0,0
298.74228095510296,311.44243295342994,1738.4411326799177,30.75692925837979,80.53767014231323,M,0,0,0,0,0,0
301.2822259064582,308.466025674784,1576.2053831074827,43.41072024044393,88.03749134342561,M,0,0,0,0,0,0
299.0014239802395,309.82250738380526,1621.003076320765,34.438037941074505,13.729208105942774,M,0,0,0,0,0,0
296.78291270395397,310.9022774936538,1703.4903523959474,33.074700651227815,97.50202418631476,L,0,0,0,0,0,0
300.0745990551669,312.21391322256227,1742.9395799983536,31.552567758277995,201.45589347275057,M,0,0,0,0,0,0
301.5317325152285,308.6013377454526,1799.6518843449676,44.044536040844065,60.206743388346084,M,0,0,0,0,0,0
299.95268271037355,311.5564507083227,1380.7722816976066,37.69863991260704,69.77756071612882,L,0,0,0,0,0,0
301.35868398395513,309.6692122961683,1546.8006517153267,35.10531755732336,105.87994284826351,M,0,0,0,0,0,0
303.34221208105487,310.5529446048716,1328.4062187884247,38.105655424871266,238.96787995283557,M,0,0,0,0,0,0
299.8269270955517,310.47875461340647,1374.0874294421415,19.585269384518668,54.06108822476946,L,0,0,0,0,0,0
301.4891581744734,310.682066786354,1617.767864963033,62.53542814068646,105.32175594331572,M,0,0,0,0,0,0
302.9940507847217,309.27353069799295,1826.3646866027984,23.923781149502414,36.87242489374604,M,0,0,0,0,0,0
299.74221541458013,310.27796191863615,1510.6341574055432,45.557595329391845,96.97670076969663,M,1,0,0,1,0,0
300.08136800104705,308.97727850268,1935.9352047094985,51.929108502915255,126.96055086753138,M,0,0,0,0,0,0
300.4514726239022,310.6766739923962,1354.311499951016,23.113656731126095,90.63463632309012,M,0,0,0,0,0,0
299.92841108227276,311.33759950129286,1513.7956273328984,25.977237707119286,153.0550998193269,M,0,0,0,0,0,0
298.8213349756015,312.4494209644461,1501.0217919259876,35.591454612029835,77.97551463855092,M,0,0,0,0,0,0
297.48902711042837,311.3604142111015,1657.158862925007,34.92742169743494,68.9302541757265,L,0,0,0,0,0,0
300.06353095968154,311.43270171685066,1172.4810416032915,44.48376651694568,220.87192144742875,M,0,0,0,0,0,0
300.9496170719239,309.431847003736,1451.8498424744632,41.09578045887158,50.90883495066983,L,0,0,0,0,0,0
299.0900810086709,309.1515559908993,1445.5398179893791,37.67216484780333,141.01832426737508,L,0,0,0,0,0,0
301.2437931324934,308.5455083936694,1544.143524705662,42.71969640332427,21.492100456671736,M,1,0,0,0,1,0
299.5436968350908,309.7536247050376,1219.3691188533705,48.79185219318208,102.73461447392826,M,0,0,0,0,0,0
299.1186904744221,309.72395042745353,1579.2707014906796,50.92310768325724,40.27783724331161,M,0,0,0,0,0,0
302.16221221632986,308.15641415562595,1641.4968572817374,37.54756454524273,89.09647869468833,L,0,0,0,0,0,0
297.77248875206953,311.284533186655,1737.3343112930497,44.440312304154325,197.259526166577,M,1,0,1,0,0,0
303.74971804944516,308.9239103885451,1672.4549608439465,44.215017311228046,227.79684708425452,M,0,0,0,0,0,0
301.0025744242451,308.24102169407143,1577.513536628783,56.1590261949777,72.66827619393452,M,0,0,0,0,0,0
299.9270483366243,309.3810456410139,1387.2468645972494,29.54673123304505,6.923672844320251,M,0,0,0,0,0,0
299.0204032847395,307.98625366467064,1546.3431847668526,41.41443082151155,117.49415704396078,M,1,0,0,0,1,0
299.7544915831681,305.60357779126593,1138.0974552007995,51.454654922968054,-95.25653120560463,L,0,0,0,0,0,0
297.60498594969306,310.16955398154863,1381.46130571799,44.43114350498192,92.35501451092281,M,0,0,0,0,0,0
297.4368920477761,312.9759522462135,1550.8305454415347,29.611633209652318,89.09712097437901,L,0,0,0,0,0,0
299.53788679947115,311.04955759539746,1430.34672088061,48.16729828300886,93.22743747609485,M,0,0,0,0,0,0
299.88314963375683,310.1293771876433,1757.8013925826253,31.804194545589425,14.31030878136771,M,0,0,0,0,0,0
298.39785116179354,309.10342017043024,1261.2215223604949,40.90301210012781,125.49879435636231,L,0,0,0,0,0,0
299.0994190134603,308.4624603699969,1691.6738963582666,42.69978654991304,124.47806421375485,M,0,0,0,0,0,0
298.772704797737,310.387451259733,1549.9628987464107,34.43061116216769,100.59849087055781,M,0,0,0,0,0,0
297.0552505779672,309.45435365752434,1369.4614328651842,54.66163221062344,243.38536671880402,M,0,0,0,0,0,0
300.5992790162329,310.1933579087848,1487.2014914286692,39.12632695705079,225.76383560506022,M,0,0,0,0,0,0
298.9381011673966,309.5883902174452,1717.5858346399693,56.21132644012515,168.26108351297154,M,0,0,0,0,0,0
299.9127645951224,309.8424404714573,1523.5243637861438,35.13217761715367,172.22271787463285,L,0,0,0,0,0,0
299.07750396268574,309.66489392036436,1545.6867736957888,49.64230202353167,39.138592571208065,H,0,0,0,0,0,0
298.4263640777111,310.2255812931554,1350.519130620973,39.9075196396861,40.546778663746665,M,0,0,0,0,0,0
299.1203414538906,308.36903033877184,1479.7563237198226,29.481133635115597,34.893330759030874,M,1,0,1,0,0,0
301.4279266687344,308.7078021047792,1665.3927209266012,39.79380646475822,48.50430174116009,M,0,0,0,0,0,0
298.4689781535012,310.5398206620901,1752.6167086410119,46.498338515421935,105.34312836114225,L,0,0,0,0,0,0
299.4171373328539,309.39090364385504,1609.5047888467102,28.146883516725673,157.2907571041207,M,0,0,0,0,0,0
301.61528469056526,309.29546263621916,1516.653161347033,42.59235713786588,21.385948153813132,M,0,0,0,0,0,0
298.8291038753024,311.26657684003646,1843.5738898156953,30.1631351180147,115.39610385389187,L,0,0,0,0,0,0
299.69748061582516,310.18383877388146,1532.4430191733645,43.60293789311967,53.06003376373678,M,0,0,0,0,0,0
300.13528879564836,311.3345857381371,1312.0459963872827,31.181316403379924,133.79918445799984,M,0,0,0,0,0,0
302.479176890866,307.16514946896257,1433.4846295818695,29.039711478137818,71.23889781502785,H,0,0,0,0,0,0
299.97383555463455,312.48803073629773,1436.5520349669196,33.497562859376224,185.3814003908903,L,0,0,0,0,0,0
300.9660516377783,312.20178410478456,1652.0015367467406,29.864449277119114,76.76024020247209,L,0,0,0,0,0,0
302.93212910586254,308.24071008826417,1480.2758632511088,35.84793018582266,168.79715439685089,L,0,0,0,0,0,0
298.38624456660204,311.9224547603174,1438.2352712373474,39.24179090889723,104.30273229580833,M,0,0,0,0,0,0
301.23251510959454,311.1447258995904,1410.90705732837,44.66479025115109,133.74034772875248,L,1,0,0,0,1,0
304.3097613127276,310.3705892989575,1375.980400109344,44.356264834172876,159.9300145297963,L,0,0,0,0,0,0
299.92136314159075,311.94712261127154,1646.9307649932018,39.118204662291575,48.61115052645919,M,0,0,0,0,0,0
298.595575692745,309.0565463497405,1761.6666206013315,39.31513212709343,180.70355946627058,M,0,0,0,0,0,0
299.8255018401569,310.8035733786908,1572.3807967177386,64.94347440939525,-23.55962780282968,L,0,0,0,0,0,0
295.8651311621836,309.12259043465264,1611.5053100456344,53.26268882114693,102.7864639043351,H,0,0,0,0,0,0
299.3254447421622,310.7110302110214,1628.2750636721169,39.345679019966596,40.85603217650828,L,0,0,0,0,0,0
303.7959053108858,311.2282217380783,1554.5989401389527,47.70050328918502,85.86653326294962,M,0,0,0,0,0,0
300.86771736857054,309.36036335623805,1803.5551121405156,16.247185335656997,121.46512983834089,M,0,0,0,0,0,0
302.01067350167364,311.085129966092,1532.4368553135098,56.50546834595376,169.01951450618108,H,0,0,0,0,0,0
296.5064586365605,312.18540223953113,1984.0574779308233,17.019997736870668,106.7131260073914,L,0,0,0,0,0,0
302.7556572218851,311.3574720144113,1467.2711428709147,51.85712119360222,215.38633268089703,L,0,0,0,0,0,0
296.6302293062554,309.8920389242547,1478.9814734841632,42.37318488130719,192.2963554375536,M,0,0,0,0,0,0
299.2203414367452,307.17826487830325,1385.4338076472475,31.37279163599179,48.68537401831534,M,0,0,0,0,0,0
299.8302970311586,309.8752769749921,1867.0181906552516,53.86557230138984,189.06879737775458,M,0,0,0,0,0,0
300.9877587061128,311.1209461627917,1796.493430631798,39.15082617708719,163.84825465847922,H,1,0,0,0,1,0
301.66593057582116,308.6620670150332,1864.7736948695338,42.03907038963406,135.1032246520916,M,0,0,0,0,0,0
301.9475707003699,311.55695249935684,1316.6682242323789,21.49795772358958,27.358990916512823,M,0,0,0,0,0,0
301.06299032159563,311.6480803067517,1494.9332428521388,40.038455700638366,197.326422954986,L,0,0,0,0,0,0
302.85505467541157,310.90285770573735,1456.8943066165007,35.26068525576574,56.6381244113989,H,0,0,0,0,0,0
301.2030623446578,311.48152791218064,1829.4880474033853,49.79954375318098,61.00420021164506,L,0,0,0,0,0,0
300.1614907332622,308.34105521734847,1729.7701561739113,43.109109888224324,131.91342276413138,L,0,0,0,0,0,0
299.69026953880234,311.80408632095697,1587.432831751691,38.275834375106015,87.60560976544582,L,0,0,0,0,0,0
295.8704683033881,310.1375572188274,1407.6024376326375,39.36323211664718,154.74627608643166,M,0,0,0,0,0,0
301.5415667292474,309.01810354014845,1494.5761652418278,29.904162478636415,205.55849649958827,H,0,0,0,0,0,0
303.4208331674874,310.9746625341755,1553.7360157229966,54.320363335169404,144.52008724634987,H,0,0,0,0,0,0
298.7163605550898,307.4101329343902,1417.9570096808534,42.55197335717745,112.81285036925293,M,0,0,0,0,0,0
300.15791934179566,311.47501416223344,1749.037077552289,49.33397600873765,47.29222452417552,M,0,0,0,0,0,0
299.6026257492111,309.07956281203934,1554.4605298630258,47.01547286827302,94.77805224521826,L,0,0,0,0,0,0
298.72771568979874,311.0392754926692,1370.985518028945,45.07434344841128,158.61126863196196,M,0,0,0,0,0,0
298.2687710312098,309.89676059412284,1450.983525604622,32.65751936040689,146.73334706973003,M,0,0,0,0,0,0
297.4003692626761,311.21835558706334,1305.106498351714,26.98012682053912,58.341867074045425,L,1,0,1,0,0,0
299.1545368359445,308.3632007923979,1735.7350755467453,57.74564041005403,138.71843175071078,L,0,0,0,0,0,0
300.4769568885811,310.01068007860187,1421.387576467683,53.33819637677587,129.44332624671543,M,0,0,0,0,0,0
301.0362377361429,308.81651595100726,1348.0722277137465,39.87768511090281,89.15043047802374,M,0,0,0,0,0,0
300.377143084971,308.61177315192236,1337.5487839814966,43.370072017711784,88.15630115591398,M,0,0,0,0,0,0
302.1001310496812,310.9351172816948,1605.150249690787,39.762543203215,38.720708532551356,L,0,0,0,0,0,0
297.92320467479726,310.5265248872993,1627.116704107798,39.99268071865763,-6.471123966862123,H,0,0,0,0,0,0
302.81063182332235,309.4266809546729,1602.5623284972535,25.87981250493879,176.6383628474461,M,0,0,0,0,0,0
299.98668323051265,310.3176771226559,1332.8592954847647,34.14041331364766,25.887229524504505,H,0,0,0,0,0,0
298.20680317253914,311.4971460706567,1458.3559934806633,46.990528586282394,64.72911051017303,M,1,0,0,0,1,0
296.9109689619482,308.3000599120224,1898.5064755847702,27.541851383175317,90.22885356255196,H,0,0,0,0,0,0
299.7439994157101,309.76540603974206,1775.9615199341167,43.65706528526845,132.18960766240653,M,0,0,0,0,0,0
303.83043646792447,308.2829477274816,1416.976682409634,50.036198311525226,81.32179131067682,L,0,0,0,0,0,0
298.46432703812934,309.5343205668938,1417.7729714870661,35.64203846781849,158.1174785468908,L,0,0,0,0,0,0
297.3195364915968,310.38390851405444,1292.8387525290484,48.9002926865257,5.353151342532115,L,0,0,0,0,0,0
304.1857095565335,310.9956580757475,1703.2362797121607,53.21287285886619,118.0299719625109,M,0,0,0,0,0,0
298.2802160483656,310.4960647482276,1372.221052048116,29.129454091433423,124.86295678849936,L,0,0,0,0,0,0
301.42106684997873,310.3590702334305,1778.4007213623686,44.02311200969374,-40.449271131363275,H,0,0,0,0,0,0
299.0372137492772,309.2321767791707,1678.9156263124344,52.753866678322666,70.71364839071339,M,0,0,0,0,0,0
298.21296855628447,311.2234204791751,1846.7185544472843,25.028825584350173,-4.653828300786557,M,0,0,0,0,0,0
296.63289280196517,308.6221039511314,1714.652704605062,29.847152337659853,15.72836736775514,H,0,0,0,0,0,0
297.9983092047743,308.8048819507753,1538.2823726010429,50.900129959184824,189.36759063199491,M,0,0,0,0,0,0
302.1288306033601,309.2717685804052,1858.5145408178687,34.60569663219254,98.65146756423272,M,0,0,0,0,0,0
298.77956874426167,310.7627629745969,1605.206979735206,45.68696219858354,32.48624423805748,L,0,0,0,0,0,0
299.47433851586635,307.16619301823147,1818.493560966514,52.60446972903094,99.09813212761726,L,0,0,0,0,0,0
299.5979941310819,309.75993006965854,1421.956217058202,39.405496595764355,79.48158098243535,M,0,0,0,0,0,0
